Title,Fruit_added
Police Women of Memphis,Mango
Navajo language,Avocado
1989 Pacific hurricane season,Orange
Ludmila Jankovcová,Apple
Fred OConnor,Apple
Zoo TV Live from Sydney,Avocado
Erdem Başçı,Mango
The Leopard Reid novel,Apple
Dziennik Wileński,Papaya
Dietmar Bartsch,Papaya
William Hohri,Strawberry
Eugeniu Sperantia,Guava
x86,Apple
Palmoni,Apple
198687 Southampton FC season,Mango
Uyajola 99,Apple
Shenzhou 2,Pineapple
2023 Rally Chile,Mango
Pierre Vladimiroff,Guava
Abbey Fields,Orange
Nimisha Pandey,Orange
Charles Wade Thornton,Pineapple
Dicronychus,Mango
Gunning railway station,Orange
Value investing,Pineapple
Pleasant Hills Upper Marlboro Maryland,Apple
2002 Espirito Santo Trophy,Orange
Chiaramonte,Papaya
HIStory Past Present and Future Book I,Strawberry
Ilocos Sur,Guava
David F Wilber,Pineapple
Tessa van der Gun,Papaya
Simeon P Shope,Pineapple
Whats the Good Word,Apple
North Weeki Wachee Florida,Apple
Martin Shaw Aviators,Mango
Jack de Sequeira,Guava
Cowpox,Papaya
Tomoka Sato,Mango
Mondo Sonoro,Apple
Odoardo Fischetti,Guava
Ochlodes,Strawberry
Sumatran green pigeon,Guava
A F M Abdur Rahman,Mango
Nothofagus glauca,Strawberry
SBA Communications,Apple
Gábor Székelyhidi,Pineapple
Jackson v Denno,Mango
Economy of Slovenia,Papaya
Exhaustion disorder,Mango
Nicollet IslandEast Bank Minneapolis,Orange
M C Albuquerque,Avocado
Tuen Mun South extension,Mango
RennerTeller effect,Pineapple
Tachiramantis tayrona,Avocado
German submarine U-331,Apple
Daniel Zelinsky mathematician,Apple
Pixmania,Avocado
Gabriel Gosálvez,Apple
The Hoard of the Gibbelins,Papaya
BC Ziegler,Apple
Hotel Greenfield,Mango
Presidents Committee on the Arts and Humanities,Strawberry
Australian rules football in the Australian Capital Territory,Guava
Ruthenian Catholic Eparchy of the Holy Protection of Mary of Phoenix,Orange
Academia Pernambucana de Letras,Apple
Lower Marsh,Apple
Estriol 3-glucuronide,Papaya
Japanese Spitz,Avocado
Miguel Trovoada,Mango
Wesselényi Monument,Apple
Central Bank of Azerbaijan,Strawberry
Gokprosh,Guava
Triangle piercing,Strawberry
Free Your Mind song,Papaya
Alfred Baldwin politician,Avocado
Titanium tetraiodide,Pineapple
SacoPettee Machine Shops,Papaya
SS Theodore Foster,Papaya
CWISEP J10475457,Papaya
West Northamptonshire,Apple
2021 Boğaziçi University protests,Papaya
HangzhouChangsha high-speed railway,Papaya
Air-Rail Link,Papaya
Guanacaste National Park Belize,Avocado
Anti-tobacco movement in Nazi Germany,Avocado
North York Civic Centre,Avocado
4th Arkansas Infantry Regiment,Avocado
Epistle side,Orange
Trialeti town,Guava
Gareth Jones journalist,Guava
Fascination,Pineapple
28th AVN Awards,Papaya
Cheragh-Ali Khan Zanganeh,Pineapple
2002 California Courts of Appeal election,Avocado
Clock restaurant,Orange
Bathurst Decauville Tramway,Orange
Listed buildings in Colne Valley eastern area,Apple
PRKAR1A,Papaya
HD 24496,Pineapple
MSC Seaside,Guava
Abraham Solomon Freidus,Orange
RapidRide A Line,Orange
Cassidy House Rapid City South Dakota,Apple
Konark Dance Festival,Papaya
Sofia Theological Seminary,Orange
USS Mississippi BB-41,Avocado
International Fur Exchange Building,Mango
Japanese ironclad Kongō,Orange
Seiji Ogawa,Avocado
SEC24B,Guava
Wilmington High School Ohio,Strawberry
Martin Blunden,Mango
Jesus Valenzuela,Strawberry
Godrej Interio,Papaya
The Spy Who Loved Me novel,Papaya
Jenni Minto,Mango
Vivid Live,Orange
Dionysupolis,Pineapple
Presidency University Kolkata,Avocado
Herring Hotel Belle Plaine Iowa,Avocado
Peeping Tom 1960 film,Pineapple
Morenosaurus,Mango
Alphaproteobacteria,Pineapple
Aurlandsfjord,Pineapple
South African type X-20 water tender,Papaya
Diving into the Unknown,Mango
Mountain marathon,Strawberry
2001 Hofstra Pride football team,Avocado
Scientific demonstration,Orange
Hanna Sandtner,Mango
Siddique Khan Baloch,Pineapple
Mirza Part 1 - Joker,Mango
Brain Test,Pineapple
