Title,Hidden_Fruits
Police Women of Memphis,Mango
Navajo language,Avocado
1989 Pacific hurricane season,
Ludmila Jankovcová,Apple
Fred O'Connor,Apple
Zoo TV: Live from Sydney,"Melon,Avocado"
Erdem Başçı,Mango
The Leopard (Reid novel),
Dziennik Wileński,Papaya
Dietmar Bartsch,Gregor Papaya Gysi
William Hohri,Strawberry
Eugeniu Sperantia,guava
x86,
Palmoni,
1986–87 Southampton F.C. season,Mango
Uyajola 9/9,Apple
Shenzhou 2,
2023 Rally Chile,Mango
Pierre Vladimiroff,Guava
Abbey Fields,Orange
Nimisha Pandey,Orange
Charles Wade Thornton,Pineapple
Dicronychus,Mango
Gunning railway station,
Value investing,Pineapple
"Pleasant Hills (Upper Marlboro, Maryland)",
2002 Espirito Santo Trophy,Orange
Chiaramonte,Papaya
"HIStory: Past, Present and Future, Book I",
Ilocos Sur,Guava
David F. Wilber,Pineapple
Tessa van der Gun,Papaya
Simeon P. Shope,Pineapple
What's the Good Word?,"Apple,ANT,Cherry,Peach"
"North Weeki Wachee, Florida",Apple
Martin Shaw: Aviators,Mango
Jack de Sequeira,Guava
Cowpox,Papaya
Tomoka Sato,Mango
Mondo Sonoro,
Odoardo Fischetti,
Ochlodes,Strawberry
Sumatran green pigeon,"Guava,figs"
A. F. M. Abdur Rahman,Mango
Nothofagus glauca,nuts
SBA Communications,
Gábor Székelyhidi,Pineapple
Jackson v. Denno,Mango
Economy of Slovenia,Papaya
Exhaustion disorder,Mango
"Nicollet Island/East Bank, Minneapolis",
M. C. Albuquerque,Avocado
Tuen Mun South extension,Mango
Renner–Teller effect,Pineapple
Tachiramantis tayrona,Avocado
German submarine U-331,Apple
Daniel Zelinsky (mathematician),
Pixmania,Avocado
Gabriel Gosálvez,
The Hoard of the Gibbelins,Papaya
B.C. Ziegler,Apple
Hotel Greenfield,
President's Committee on the Arts and Humanities,
Australian rules football in the Australian Capital Territory,Guava
Ruthenian Catholic Eparchy of the Holy Protection of Mary of Phoenix,
Academia Pernambucana de Letras,Apple
Lower Marsh,Apple
Estriol 3-glucuronide,Papaya
Japanese Spitz,Avocado
Miguel Trovoada,Mango
Wesselényi Monument,Apple
Central Bank of Azerbaijan,strawberry
Gokprosh,Guava
Triangle piercing,strawberry
Free Your Mind (song),Papaya
Alfred Baldwin (politician),Avocado
Titanium tetraiodide,Pineapple
Saco–Pettee Machine Shops,Papaya
SS Theodore Foster,Papaya
CWISEP J1047+5457,Papaya
West Northamptonshire,Apple
2021 Boğaziçi University protests,Papaya
Hangzhou–Changsha high-speed railway,
Air-Rail Link,
Guanacaste National Park (Belize),"Avocado,mamey sapote"
Anti-tobacco movement in Nazi Germany,Avocado
North York Civic Centre,Avocado
4th Arkansas Infantry Regiment,Avocado
Epistle side,
Trialeti (town),Guava
Gareth Jones (journalist),Guava
Fascination!,Pineapple
28th AVN Awards,Papaya
Cheragh-Ali Khan Zanganeh,Pineapple
2002 California Courts of Appeal election,Avocado
Clock (restaurant),
Bathurst Decauville Tramway,
Listed buildings in Colne Valley (eastern area),
PRKAR1A,Papaya
HD 24496,Pineapple
MSC Seaside,Guava
Abraham Solomon Freidus,
RapidRide A Line,
"Cassidy House (Rapid City, South Dakota)",Apple
Konark Dance Festival,Papaya
Sofia Theological Seminary,
USS Mississippi (BB-41),Avocado
International Fur Exchange Building,Mango
Japanese ironclad Kongō,orange
Seiji Ogawa,Avocado
SEC24B,
Wilmington High School (Ohio),Strawberry
Martin Blunden,Mango
Jesus Valenzuela,
Godrej Interio,Papaya
The Spy Who Loved Me (novel),Papaya
Jenni Minto,Mango
Vivid Live,
Dionysupolis,Pineapple
"Presidency University, Kolkata",Avocado
"Herring Hotel (Belle Plaine, Iowa)",Avocado
Peeping Tom (1960 film),Pineapple
Morenosaurus,
Alphaproteobacteria,Pineapple
Aurlandsfjord,Pineapple
South African type X-20 water tender,
Diving into the Unknown,Mango
Mountain marathon,
2001 Hofstra Pride football team,Avocado
Scientific demonstration,
Hanna Sandtner,
Siddique Khan Baloch,Pineapple
Mirza: Part 1 - Joker,Mango
Brain Test,
